nis,nama,kelas,password
2025001,Ahmad Fauzi,XII IPA 1,siswa123
2025002,Dewi Lestari,XII IPA 1,siswa123
2025003,Rizky Hidayat,XII IPA 2,siswa123
2025004,Nur Aini,XII IPA 2,siswa123
2025005,Fajar Ramadhan,XII IPA 2,siswa123
2025006,Putri Ayu Lestari,XII IPA 3,siswa123
2025007,Dimas Anggara,XII IPA 3,siswa123
2025008,Rina Melati,XII IPA 3,siswa123
2025009,Hendra Wijaya,XII IPS 1,siswa123
2025010,Salsabila Zahra,XII IPS 1,siswa123
2025011,Ikbal Firmansyah,XII IPS 1,siswa123
2025012,Laila Mardhiah,XII IPS 2,siswa123
2025013,Yusuf Hakim,XII IPS 2,siswa123
2025014,Anisa Fitriani,XII IPS 2,siswa123
2025015,Galih Pambudi,XII IPS 3,siswa123
